CustomerID,Recency,Frequency,Monetary
5001,2,1,350.59
5002,120,6,4198.33
5003,14,2,756.54
5004,13,27,17008.74
5005,191,7,2124.96
5006,8,1,1308.77
5007,19,11,8230.5
5008,13,28,17526.84
5009,24,1,436.91
5010,103,5,3716.38
5011,22,16,6323.85
5012,189,2,2317.4
5013,34,2,984.13
5014,20,17,6182.12
5015,38,2,637.47
5016,183,6,2454.21
5017,27,17,9913.55
5018,20,15,8138.43
5019,16,2,1948.97
5020,13,15,6906.43
5021,9,8,6473.33
5022,113,3,4146.59
5023,26,10,7593.33
5024,11,29,15616.93
5025,17,15,7138.67
5026,189,2,3979.52
5027,16,2,1283.55
5028,215,3,1861.5
5029,26,16,8159.11
5030,6,15,6993.48
5031,23,2,769.92
5032,18,16,6869.36
5033,38,2,1264.75
5034,124,2,4287.89
5035,200,4,3584.66
5036,19,14,5900.09
5037,19,10,7260.99
5038,9,12,4478.56
5039,95,5,3198.67
5040,6,9,5928.82
5041,12,15,14751.8
5042,17,16,4113.62
5043,29,2,1998.54
5044,34,2,854.5
5045,96,5,1790.28
5046,28,14,9260.47
5047,37,1,1841.44
5048,11,16,9096.21
5049,219,5,4494.96
5050,13,15,15023.0
5051,171,5,2629.66
5052,23,2,1908.53
5053,35,2,1612.77
5054,1,25,15977.86
5055,205,2,1763.08
5056,20,16,4457.79
5057,16,1,1107.97
5058,11,21,12139.25
5059,11,32,18242.76
5060,10,21,11642.84
5061,18,17,8538.9
5062,4,1,1645.92
5063,182,6,2700.7
5064,239,4,3113.66
5065,14,21,18963.96
5066,24,14,9539.09
5067,25,17,5901.26
5068,98,2,6388.58
5069,3,1,833.19
5070,131,6,3337.12
5071,16,15,6278.6
5072,25,8,6140.53
5073,17,10,7017.58
5074,16,10,3878.35
5075,29,2,526.93
5076,38,1,1228.99
5077,22,1,1078.96
5078,13,17,16917.41
5079,24,2,1766.21
5080,12,38,16719.8
5081,3,33,16214.42
5082,32,1,1357.2
5083,14,10,8634.34
5084,31,2,825.82
5085,211,3,2896.7
5086,211,4,3008.51
5087,195,6,2183.45
5088,38,2,1220.74
5089,5,1,1153.67
5090,12,35,14439.63
5091,31,1,1213.35
5092,16,14,7684.99
5093,11,13,8645.78
5094,27,2,1692.9
5095,28,2,318.71
5096,13,2,344.16
5097,20,1,1213.37
5098,11,20,14154.41
5099,12,13,8179.35
5100,5,2,1375.3
5101,11,1,2075.38
5102,19,10,4820.19
5103,29,1,1077.76
5104,3,29,16568.96
5105,28,2,460.55
5106,29,17,6850.02
5107,7,32,16568.75
5108,20,8,5850.31
5109,234,4,4168.92
5110,179,7,1905.97
5111,155,4,2105.43
5112,17,16,6596.4
5113,114,3,2531.4
5114,26,17,6452.03
5115,12,1,1276.4
5116,9,37,14488.34
5117,117,3,2712.02
5118,117,5,2826.97
5119,14,20,12566.57
5120,21,2,1843.19
5121,220,6,3704.98
5122,20,2,1149.22
5123,15,8,5262.72
5124,9,10,7467.76
5125,22,2,468.85
5126,6,2,1341.47
5127,185,6,3723.84
5128,8,11,7926.71
5129,26,1,599.01
5130,103,6,3745.87
5131,103,7,2622.61
5132,116,5,3082.02
5133,1,2,1698.52
5134,12,27,12079.09
5135,129,2,1959.41
5136,26,2,692.24
5137,26,15,7178.33
5138,24,11,7803.73
5139,207,7,1899.17
5140,10,37,15824.81
5141,23,2,956.17
5142,95,3,3035.07
5143,174,7,3754.93
5144,23,2,1514.9
5145,1,29,11292.28
5146,16,11,7702.8
5147,8,11,6921.61
5148,158,4,1861.78
5149,12,10,5874.28
5150,13,13,8205.05
5151,10,37,16087.84
5152,23,9,6553.42
5153,17,1,50.0
5154,8,37,11677.37
5155,226,7,2239.87
5156,16,12,7142.25
5157,5,2,853.48
5158,28,1,1394.83
5159,12,8,8114.01
5160,33,1,954.38
5161,5,15,8472.76
5162,189,3,1982.5
5163,7,11,7046.24
5164,22,11,5449.84
5165,1,25,14664.64
5166,23,8,6330.24
5167,27,12,8618.0
5168,4,35,15801.67
5169,14,37,20988.53
5170,14,38,11461.5
5171,16,2,1281.26
5172,9,9,8110.43
5173,13,1,1598.22
5174,232,7,3837.59
5175,177,7,2400.76
5176,21,16,4495.9
5177,39,1,376.06
5178,8,15,9658.86
5179,10,2,1713.57
5180,5,15,6172.19
5181,12,28,18021.91
5182,12,17,5993.49
5183,14,18,19460.49
5184,12,14,9566.68
5185,15,17,6605.97
5186,8,2,909.69
5187,28,1,1243.62
5188,5,16,5240.96
5189,152,6,3017.4
5190,14,1,1748.63
5191,198,4,3211.2
5192,11,14,4911.32
5193,8,12,5910.36
5194,21,2,928.29
5195,124,4,3305.71
5196,219,7,1708.54
5197,11,12,7437.53
5198,33,1,1229.28
5199,158,5,259.94
5200,6,1,976.15
5201,17,17,5066.02
5202,26,13,7019.62
5203,6,9,5918.92
5204,215,6,3225.41
5205,9,38,18722.83
5206,27,17,4938.68
5207,209,6,1058.69
5208,26,13,8909.72
5209,23,11,6924.19
5210,9,16,5365.87
5211,196,4,2063.43
5212,38,2,1493.08
5213,26,15,8982.25
5214,206,5,3477.24
5215,19,2,1169.69
5216,218,4,3762.03
5217,18,9,6990.08
5218,6,1,653.82
5219,8,1,1309.74
5220,38,2,600.22
5221,9,17,5241.26
5222,109,7,3782.24
5223,26,16,10325.76
5224,5,1,1111.39
5225,10,29,11828.75
5226,14,2,934.78
5227,11,8,6487.22
5228,10,26,16737.32
5229,35,2,988.66
5230,12,2,72.79
5231,7,23,16084.56
5232,12,8,7099.58
5233,5,24,7575.63
5234,1,2,862.27
5235,36,1,726.41
5236,25,14,8092.53
5237,21,14,5426.37
5238,12,25,13122.31
5239,14,39,16538.31
5240,3,30,17615.81
5241,17,1,729.7
5242,12,9,6884.21
5243,187,4,4088.39
5244,5,17,4872.0
5245,127,7,3175.84
5246,158,3,2534.9
5247,14,8,4840.24
5248,8,8,7660.93
5249,2,2,1315.6
5250,35,1,1019.38
5251,152,3,3457.13
5252,24,11,6300.34
5253,95,4,2822.54
5254,93,5,4198.35
5255,6,2,815.23
5256,20,14,6119.65
5257,12,15,6012.52
5258,3,2,1109.83
5259,147,7,2162.39
5260,5,37,15070.94
5261,213,2,3227.77
5262,26,2,1323.03
5263,197,5,2860.33
5264,28,17,7474.0
5265,21,14,3764.84
5266,8,2,1167.29
5267,227,2,3404.11
5268,2,22,17985.48
5269,18,11,6503.6
5270,11,1,205.82
5271,4,27,10662.14
5272,16,9,6742.73
5273,123,4,2183.31
5274,18,14,4016.94
5275,228,3,2099.94
5276,3,36,18962.72
5277,28,1,2333.93
5278,21,1,1415.49
5279,28,2,568.64
5280,145,3,4322.51
5281,140,3,2264.54
5282,22,13,7187.47
5283,2,26,15908.37
5284,164,6,3749.56
5285,26,9,7793.1
5286,28,2,50.0
5287,22,10,5656.88
5288,8,21,16779.38
5289,8,1,646.39
5290,30,1,1311.67
5291,21,11,7490.98
5292,27,2,1314.95
5293,27,1,838.77
5294,27,2,641.49
5295,196,5,2917.27
5296,100,3,4556.29
5297,222,4,3415.45
5298,27,1,562.16
5299,31,1,1767.47
5300,9,2,946.19
5301,6,1,1555.63
5302,7,2,1398.09
5303,5,22,16262.97
5304,12,34,16365.34
5305,17,11,8681.71
5306,6,34,13781.91
5307,159,7,2191.14
5308,26,11,7337.98
5309,22,1,1523.99
5310,5,28,13427.74
5311,10,2,1109.89
5312,9,33,16552.43
5313,38,2,1462.74
5314,17,8,5828.46
5315,18,15,5776.2
5316,18,13,7914.01
5317,18,2,1104.79
5318,38,1,1132.47
5319,183,2,3230.74
5320,3,23,10393.31
5321,18,14,6815.73
5322,179,2,2065.0
5323,27,13,8811.98
5324,32,1,550.51
5325,19,2,997.81
5326,30,2,1442.34
5327,22,14,7004.36
5328,101,6,2440.39
5329,24,17,6276.07
5330,9,13,8992.1
5331,39,2,819.74
5332,19,14,5949.12
5333,233,2,3104.41
5334,7,10,6071.66
5335,6,2,1560.32
5336,24,15,6801.69
5337,7,2,1018.11
5338,11,17,11998.93
5339,14,9,5962.73
5340,229,3,2208.36
5341,22,16,9555.15
5342,6,14,4644.92
5343,26,13,7660.88
5344,220,3,3649.69
5345,26,8,5585.44
5346,38,1,396.17
5347,28,2,1743.15
5348,92,2,3325.33
5349,160,7,2936.47
5350,26,11,8847.57
5351,11,17,9348.09
5352,24,1,1210.8
5353,27,1,1708.68
5354,8,38,17780.42
5355,20,8,7723.76
5356,28,1,1027.34
5357,16,14,6947.05
5358,9,12,7696.49
5359,3,38,13113.32
5360,37,1,988.94
5361,5,39,14491.12
5362,211,6,2652.63
5363,8,34,15627.28
5364,25,16,7938.41
5365,4,1,349.39
5366,7,33,18191.35
5367,15,1,795.41
5368,28,11,3173.63
5369,30,1,946.42
5370,12,12,8739.75
5371,94,5,1961.18
5372,26,1,740.65
5373,12,31,15882.24
5374,20,9,6873.15
5375,21,2,1292.71
5376,8,16,8650.26
5377,163,6,2711.24
5378,6,1,1121.79
5379,8,1,1113.82
5380,9,1,1540.44
5381,96,6,4578.97
5382,163,7,3655.23
5383,5,38,17245.82
5384,25,1,749.77
5385,20,9,5549.76
5386,137,2,3429.54
5387,177,2,2350.4
5388,7,17,8671.84
5389,22,1,1363.9
5390,129,6,4468.66
5391,141,2,3459.94
5392,18,13,9460.17
5393,26,2,1368.68
5394,128,6,3529.39
5395,12,2,1745.29
5396,114,2,4676.13
5397,11,14,8123.45
5398,181,7,2663.06
5399,14,36,14394.03
5400,6,17,6307.02
5401,91,2,1317.25
5402,142,3,3844.75
5403,6,2,1686.02
5404,14,33,17270.32
5405,26,1,2291.88
5406,25,9,7034.37
5407,5,36,14161.54
5408,28,11,8055.22
5409,127,6,3332.01
5410,17,16,6108.68
5411,26,11,6645.88
5412,9,1,752.73
5413,20,16,6839.15
5414,13,1,1121.4
5415,18,12,7788.27
5416,13,29,20804.7
5417,225,3,3212.95
5418,39,1,1244.14
5419,8,10,6752.18
5420,10,8,6879.23
5421,239,4,3881.42
5422,37,1,598.87
5423,91,4,3446.01
5424,108,7,3196.55
5425,24,12,8372.24
5426,203,2,3318.63
5427,25,2,723.43
5428,9,16,13061.63
5429,5,2,633.67
5430,26,13,6712.14
5431,210,2,3741.61
5432,124,6,3658.34
5433,35,2,805.18
5434,186,6,3433.63
5435,107,5,4399.79
5436,12,13,7271.48
5437,21,15,9194.04
5438,127,5,1594.69
5439,11,26,21131.12
5440,5,20,16340.75
5441,5,2,1546.42
5442,14,21,11376.91
5443,148,2,2283.14
5444,29,1,936.07
5445,20,2,1753.18
5446,11,25,9266.39
5447,173,5,2218.68
5448,99,2,4568.04
5449,7,10,8412.78
5450,27,16,7954.26
5451,5,2,600.64
5452,15,12,7466.87
5453,26,1,1266.67
5454,23,2,1795.37
5455,14,9,7767.33
5456,25,10,7647.04
5457,124,6,2925.62
5458,22,2,296.91
5459,14,22,14419.09
5460,20,1,2245.25
5461,6,25,11821.65
5462,18,12,5116.06
5463,6,22,12683.39
5464,19,2,2437.51
5465,26,2,1484.53
5466,14,13,6452.92
5467,21,1,1843.66
5468,14,32,19488.36
5469,233,4,3569.76
5470,28,11,4966.37
5471,196,7,2751.17
5472,10,11,8111.65
5473,239,5,3053.53
5474,232,3,1891.65
5475,165,4,3820.7
5476,230,6,3679.88
5477,12,12,7168.98
5478,182,5,2741.68
5479,9,2,1284.07
5480,193,5,3440.42
5481,5,22,16344.65
5482,133,4,2651.15
5483,24,9,6085.3
5484,155,3,3878.32
5485,12,2,1178.96
5486,108,4,4202.99
5487,10,2,1525.23
5488,5,9,6532.5
5489,8,2,1111.47
5490,25,2,692.54
5491,139,7,2208.56
5492,18,13,11189.17
5493,38,2,1121.51
5494,117,7,2306.22
5495,8,27,13149.25
5496,15,15,6761.22
5497,1,23,15508.06
5498,191,4,2872.85
5499,13,12,6834.76
5500,24,12,9827.5
5501,26,2,1066.21
5502,6,12,4618.35
5503,23,1,1536.41
5504,127,2,3614.29
5505,18,17,8447.16
5506,20,10,7351.07
5507,14,26,20268.6
5508,5,9,6975.66
5509,150,6,3443.9
5510,9,35,14890.8
5511,190,5,4660.06
5512,29,12,6819.14
5513,21,16,8628.52
5514,29,9,7768.15
5515,21,15,9534.19
5516,94,7,3510.59
5517,23,9,6913.21
5518,180,2,4609.35
5519,121,7,3870.4
5520,20,16,5636.21
5521,37,1,900.99
5522,14,2,567.58
5523,9,13,11064.78
5524,173,4,3768.21
5525,158,4,3554.55
5526,16,15,5645.25
5527,15,17,10283.66
5528,23,1,894.17
5529,231,4,1758.39
5530,23,1,1663.24
5531,14,15,5176.36
5532,153,6,3770.91
5533,193,4,2204.29
5534,13,2,2343.57
5535,7,8,6221.76
5536,14,28,14780.89
5537,28,1,995.6
5538,15,1,600.46
5539,9,36,15953.49
5540,27,1,656.12
5541,236,2,1225.32
5542,7,18,19069.93
5543,26,10,7972.49
5544,16,12,6381.65
5545,188,4,1558.17
5546,28,2,620.08
5547,20,16,7693.85
5548,139,7,1935.35
5549,8,13,6636.62
5550,1,20,9129.55
5551,3,2,1650.68
5552,34,1,930.03
5553,11,37,16259.81
5554,12,16,8154.3
5555,223,3,3487.13
5556,26,1,1427.47
5557,5,17,6517.05
5558,14,37,14436.66
5559,22,14,9839.56
5560,134,5,5042.1
5561,33,2,1585.31
5562,6,38,15457.36
5563,26,1,268.16
5564,207,3,3424.47
5565,9,9,4836.78
5566,166,4,3636.72
5567,11,32,21204.86
5568,153,2,3358.93
5569,32,1,822.66
5570,21,17,6709.14
5571,168,2,3191.11
5572,168,4,4095.16
5573,12,26,9029.26
5574,19,15,4764.68
5575,7,10,6604.63
5576,8,16,9771.77
5577,128,5,1903.8
5578,3,34,12716.13
5579,118,2,3424.07
5580,2,1,1138.94
5581,24,15,6102.03
5582,6,17,16704.22
5583,14,1,1597.2
5584,30,2,872.29
5585,28,10,7516.14
5586,10,2,1261.0
5587,25,15,7291.2
5588,17,14,6778.52
5589,29,2,1579.56
5590,7,19,15166.01
5591,29,17,9437.14
5592,127,3,4338.35
5593,20,16,6788.22
5594,14,39,19002.52
5595,26,2,2341.88
5596,13,9,9679.35
5597,15,11,7316.46
5598,226,6,1936.6
5599,19,1,748.04
5600,15,15,7452.58
5601,188,5,870.18
5602,39,2,1600.08
5603,17,2,971.39
5604,134,4,3297.88
5605,38,1,1747.8
5606,19,15,6159.38
5607,13,10,2034.38
5608,1,19,20696.84
5609,25,17,4366.25
5610,8,10,6582.02
5611,31,1,1674.94
5612,25,1,1214.01
5613,13,33,15057.37
5614,167,4,3370.53
5615,24,2,827.95
5616,22,2,1566.24
5617,29,10,6132.62
5618,146,2,2503.75
5619,196,3,2776.48
5620,10,39,17706.7
5621,14,15,18715.71
5622,15,1,1077.03
5623,222,7,3466.71
5624,206,4,1121.43
5625,13,24,23426.21
5626,25,14,10094.6
5627,13,1,1661.21
5628,29,15,7303.66
5629,157,7,2679.57
5630,7,2,2625.96
5631,6,35,10616.92
5632,2,32,9487.21
5633,195,5,4800.77
5634,235,2,2282.24
5635,25,10,6719.16
5636,161,3,3519.13
5637,37,1,776.95
5638,4,1,1614.3
5639,6,16,6451.77
5640,29,1,413.46
5641,22,14,8201.42
5642,135,6,4329.72
5643,33,2,1204.79
5644,9,9,5692.28
5645,97,5,1456.13
5646,16,17,8813.68
5647,234,6,4702.96
5648,203,5,3368.65
5649,25,8,8314.0
5650,14,39,14528.49
5651,25,16,7060.91
5652,13,1,845.13
5653,29,10,5235.67
5654,4,2,1992.5
5655,21,2,1918.02
5656,12,2,1054.09
5657,187,2,4990.4
5658,201,4,3364.63
5659,200,3,2661.47
5660,103,6,2221.64
5661,35,1,1862.69
5662,173,2,3133.77
5663,162,7,2064.98
5664,34,1,1459.84
5665,14,9,8123.31
5666,14,34,17068.78
5667,32,2,1420.3
5668,18,9,7539.48
5669,152,6,2833.76
5670,237,4,3628.7
5671,27,1,875.92
5672,18,17,5761.65
5673,22,11,7941.21
5674,21,17,8425.63
5675,7,1,1347.31
5676,20,13,8397.99
5677,27,2,1859.07
5678,7,1,2283.1
5679,1,1,887.99
5680,25,14,9053.01
5681,7,16,9810.58
5682,3,2,51.21
5683,215,2,2486.81
5684,17,16,6515.96
5685,5,8,5822.53
5686,6,35,17163.31
5687,1,1,1939.89
5688,7,36,17119.4
5689,24,2,1426.72
5690,140,5,2641.62
5691,13,1,1167.38
5692,7,36,15074.8
5693,191,5,3040.98
5694,209,4,3927.13
5695,227,5,3214.91
5696,6,19,18752.25
5697,28,2,1175.35
5698,14,2,1588.53
5699,21,11,8494.04
5700,7,23,14897.93
5701,108,6,3776.42
5702,26,9,4983.65
5703,163,4,3192.06
5704,28,1,651.12
5705,3,2,732.75
5706,1,2,1252.29
5707,36,1,1761.98
5708,143,4,3683.59
5709,18,17,7873.94
5710,13,23,18805.51
5711,16,11,7973.37
5712,98,4,2863.97
5713,24,12,3899.6
5714,28,16,7007.65
5715,129,5,2808.72
5716,7,1,298.25
5717,10,17,7280.67
5718,8,2,1943.8
5719,23,1,1495.09
5720,29,9,8781.12
5721,206,5,2231.04
5722,7,18,16069.24
5723,27,1,1664.79
5724,36,2,1681.58
5725,37,2,1469.93
5726,4,25,15465.61
5727,16,1,1402.35
5728,13,16,7624.3
5729,97,6,3012.23
5730,19,17,9618.55
5731,10,16,7990.69
5732,7,11,6693.39
5733,7,20,15591.86
5734,231,4,2722.25
5735,147,6,1754.65
5736,201,3,3589.51
5737,6,14,7351.34
5738,34,2,1288.97
5739,3,2,900.18
5740,13,2,814.66
5741,11,10,10379.71
5742,8,1,392.35
5743,12,2,1852.94
5744,8,2,996.5
5745,14,20,11145.38
5746,143,3,3524.47
5747,4,27,12500.36
5748,29,16,8131.66
5749,199,2,3640.81
5750,27,12,7938.04
5751,2,1,1513.44
5752,11,2,1133.35
5753,11,24,12953.1
5754,27,12,7112.93
5755,231,6,2425.35
5756,94,3,1606.72
5757,7,2,531.54
5758,15,2,1248.81
5759,30,1,1265.01
5760,150,7,1738.01
5761,21,14,6803.36
5762,10,12,5685.08
5763,7,31,15161.45
5764,218,2,3328.71
5765,12,21,11735.48
5766,29,13,7404.76
5767,13,35,17592.48
5768,12,39,13133.7
5769,7,1,1285.92
5770,25,17,6729.21
5771,125,6,2169.48
5772,19,10,3175.92
5773,146,3,4431.62
5774,35,1,1779.11
5775,25,17,5269.36
5776,6,8,6842.95
5777,36,1,653.97
5778,24,17,6526.06
5779,13,2,763.49
5780,2,2,1838.53
5781,21,8,7374.45
5782,13,16,9874.17
5783,6,1,319.08
5784,31,2,1339.58
5785,19,13,5093.24
5786,6,12,5984.97
5787,20,9,3828.37
5788,10,1,1705.43
5789,2,2,1319.35
5790,21,12,7178.42
5791,13,9,8125.39
5792,24,1,366.9
5793,97,2,4177.53
5794,157,6,3544.48
5795,13,13,7479.08
5796,14,13,7998.61
5797,18,11,7169.23
5798,129,5,2136.13
5799,110,7,2807.44
5800,12,33,20089.18
