CustomerID,Name,Age,Gender,City,JoinDate,PurchaseAmount,ProductCategory,Rating
1001,Customer_0,20.0,female,Mumbai,01-01-2022,"$1,613.36",home decor,4.0
1002,Customer_1,57.0,Male,bengaluru,02/01/2022,1725.24,clothing ,5.0
1003,Customer_2,51.0,Female,Bengaluru,04-Jan-2022,4711.68,Electronics,3.0
1004,Customer_3,39.0,Female,Delhi,05/01/2022,4121.57,clothing ,2.0
1005,Customer_4,39.0,F,mumbai ,01-07-2022,2129.43,clothing ,3.0
1006,Customer_5,62.0,Female,Mumbai,08-Jan-2022,2172.78,Electronics,1.0
1007,Customer_6,20.0,M,Mumbai,01-10-2022,1465.72,Books,1.0
1008,  Customer_7  ,,Female,bengaluru,01-11-2022,782.68,electronics,3.0
1009,Customer_8,26.0,Male,mumbai ,13-Jan-2022,"$2,394.81",Clothing,5.0
1010,Customer_9,21.0,Male,Kolkata,14-Jan-2022,1601.93,clothing ,3.0
1011,Customer_10,44.0,Female,Delhi,16/01/2022,"$2,423.63",home decor,4.0
1012,Customer_11,68.0,M,Chennai ,17/01/2022,1059.81,Home Decor,1.0
1013,Customer_12,55.0,Male,Chennai ,2022-01-19,1814.22,home decor,3.0
1014,Customer_13,57.0,male,bengaluru,01-20-2022,"$2,633.76",electronics,4.0
1015,Customer_14,54.0,male,Pune,22-Jan-2022,2829.59,home decor,2.0
1016,Customer_15,58.0,male,mumbai ,23/01/2022,2875.72,home decor,1.0
1017,Customer_16,43.0,male,,25/01/2022,1311.56,clothing ,1.0
1018,Customer_17,,Female,Delhi,2022-01-26,3269.22,Groceries,5.0
1019,Customer_18,61.0,male,mumbai ,28/01/2022,"$1,779.81",Electronics,4.0
1020,Customer_19,40.0,,Delhi,2022-01-29,3069.57,home decor,
1021,Customer_20,43.0,, Delhi,31-Jan-2022,2490.43,Books,
1022,Customer_21,36.0,Female,Hyderabad,02-01-2022,1261.25,clothing ,1.0
1023,Customer_22,25.0,male,,2022-02-03,2215.42,Groceries,5.0
1024,Customer_23,66.0,Female,Pune,2022-02-04,2828.83,clothing ,1.0
1025,Customer_24,58.0,F,hyderabad,06-Feb-2022,3051.67,Electronics,4.0
1026,Customer_25,50.0,Female,Pune,08-Feb-2022,2373.11,Groceries,2.0
1027,Customer_26,37.0,female,mumbai ,09-Feb-2022,3878.6,Home Decor,2.0
1028,Customer_27,60.0,Female,Kolkata,2022-02-11,3406.76,Books,2.0
1029,Customer_28,45.0,Female,Chennai,2022-02-12,2269.01,Books,5.0
1030,Customer_29,39.0,male,Kolkata,2022-02-14,3175.11,clothing ,1.0
1031,Customer_30,40.0,female, Delhi,15-Feb-2022,4240.41,Books,2.0
1032,Customer_31,28.0,Male,,17-Feb-2022,4264.44,Groceries,2.0
1033,Customer_32,20.0,Female,Chennai,18-Feb-2022,1394.8,Home Decor,2.0
1034,Customer_33,45.0,F,,2022-02-20,1666.12,Groceries,1.0
1035,Customer_34,63.0,Male,Bengaluru,2022-02-21,"$3,836.43",Books,5.0
1036,Customer_35,19.0,Female,mumbai ,23-Feb-2022,1547.55,Home Decor,2.0
1037,Customer_36,62.0,Male,Kolkata,24-Feb-2022,1309.71,Electronics,3.0
1038,Customer_37,60.0,Female,Delhi,02-26-2022,2062.43,Electronics,2.0
1039,Customer_38,30.0,Male,MUMBAI,2022-02-27,2878.2,clothing ,5.0
1040,Customer_39,50.0,,Chennai,2022-03-01,2407.84,Groceries,2.0
1041,Customer_40,24.0,Male,Bengaluru,2022-03-02,1914.49,Home Decor,2.0
1042,Customer_41,56.0,,mumbai ,03-04-2022,1893.21,clothing ,2.0
1043,Customer_42,,female,hyderabad,05-Mar-2022,1858.9,Groceries,2.0
1044,Customer_43,35.0,Female,hyderabad,03-07-2022,1708.44,Books,1.0
1045,Customer_44,19.0,female,Hyderabad,08/03/2022,,Clothing,4.0
1046,Customer_45,68.0,female,Chennai ,10-Mar-2022,2767.76,clothing ,1.0
1047,Customer_46,40.0,,Bengaluru,2022-03-11,3298.08,Groceries,2.0
1048,Customer_47,64.0,Male,Chennai,13-Mar-2022,2059.83,clothing ,
1049,Customer_48,52.0,Female,bengaluru,15-Mar-2022,,Books,2.0
1050,Customer_49,58.0,Male,MUMBAI,03-16-2022,1857.8,Books,4.0
1051,Customer_50,57.0,Female,mumbai ,18-Mar-2022,$113.46,Groceries,3.0
1052,Customer_51,26.0,Male,Delhi,03-19-2022,1259.79,clothing ,5.0
1053,Customer_52,35.0,Female,Bengaluru,21/03/2022,870.44,Groceries,2.0
1054,Customer_53,41.0,Female,MUMBAI,22/03/2022,,electronics,5.0
1055,Customer_54,42.0,Female,mumbai ,24-Mar-2022,1424.18,clothing ,1.0
1056,Customer_55,18.0,Female,Pune,03-25-2022,3692.46,electronics,3.0
1057,Customer_56,45.0,female, Delhi,2022-03-27,2460.01,electronics,4.0
1058,Customer_57,24.0,female,Chennai,28-Mar-2022,,Electronics,3.0
1059,Customer_58,56.0,Female,bengaluru,2022-03-30,2869.88,Groceries,5.0
1060,Customer_59,52.0,Female,Hyderabad,03-31-2022,,Electronics,2.0
1061,Customer_60,65.0,,Hyderabad,2022-04-02,1689.19,Home Decor,1.0
1062,Customer_61,56.0,Male,Delhi,04-03-2022,2971.56,clothing ,4.0
1063,  Customer_62  ,35.0,Male,,05/04/2022,"$3,155.84",Clothing,1.0
1064,Customer_63,68.0,Male, Delhi,06/04/2022,"$1,981.02",home decor,
1065,Customer_64,38.0,Female,hyderabad,04-08-2022,3003.59,Groceries,4.0
1066,Customer_65,33.0,M,Bengaluru,09-Apr-2022,3009.57,Home Decor,5.0
1067,Customer_66,64.0,female,mumbai ,11/04/2022,,Home Decor,3.0
1068,Customer_67,36.0,Female,Hyderabad,12-Apr-2022,1489.51,Electronics,5.0
1069,Customer_68,20.0,male,Mumbai,14/04/2022,1434.28,electronics,1.0
1070,Customer_69,41.0,F,hyderabad,2022-04-15,2577.85,Groceries,3.0
1071,  Customer_70  ,58.0,female,Mumbai,2022-04-17,"$2,794.31",Books,1.0
1072,Customer_71,26.0,Male,MUMBAI,2022-04-18,"$1,786.73",electronics,4.0
1073,Customer_72,40.0,male,Chennai,04-20-2022,2523.93,Electronics,4.0
1074,Customer_73,23.0,male,Kolkata,04-22-2022,3013.48,Books,5.0
1075,Customer_74,53.0,Male,Bengaluru,23/04/2022,3056.37,Books,4.0
1076,Customer_75,41.0,Male,mumbai ,25/04/2022,3896.69,electronics,2.0
1077,Customer_76,33.0,,Delhi,26-Apr-2022,,clothing ,1.0
1078,Customer_77,28.0,M,,04-28-2022,1598.84,Home Decor,5.0
1079,Customer_78,46.0,M,Hyderabad,2022-04-29,4015.23,electronics,3.0
1080,Customer_79,52.0,Female,mumbai ,2022-05-01,2022.12,Clothing,1.0
1081,Customer_80,,Female,Bengaluru,02/05/2022,3440.39,clothing ,5.0
1082,Customer_81,39.0,,Delhi,04/05/2022,"$2,561.19",Home Decor,5.0
1083,Customer_82,24.0,female,MUMBAI,05-May-2022,2129.07,Clothing,3.0
1084,Customer_83,60.0,Female,Pune,05-07-2022,873.07,clothing ,4.0
1085,Customer_84,50.0,male,Chennai ,08-May-2022,2345.59,Clothing,1.0
1086,Customer_85,53.0,,MUMBAI,05-10-2022,1096.56,home decor,1.0
1087,Customer_86,21.0,Female,Chennai ,11/05/2022,"$3,370.57",electronics,2.0
1088,Customer_87,32.0,,Bengaluru,05-13-2022,3865.11,electronics,4.0
1089,Customer_88,57.0,Male,Mumbai,05-14-2022,1782.78,electronics,1.0
1090,Customer_89,60.0,F,Bengaluru,05-16-2022,"$2,771.77",Books,1.0
1091,  Customer_90  ,39.0,Female,MUMBAI,2022-05-17,1847.15,Books,4.0
1092,Customer_91,59.0,Male,Delhi,05-19-2022,1934.36,Groceries,4.0
1093,Customer_92,61.0,Female,Pune,20/05/2022,3197.05,electronics,4.0
1094,Customer_93,36.0,Female,Hyderabad,22-May-2022,2465.32,home decor,4.0
1095,Customer_94,64.0,Male,mumbai ,23-May-2022,4065.68,clothing ,5.0
1096,Customer_95,31.0,Female,Pune,05-25-2022,2065.99,home decor,4.0
1097,Customer_96,,female,Chennai,27-May-2022,3399.4,Clothing,3.0
1098,Customer_97,52.0,male,Pune,05-28-2022,2587.67,Books,5.0
1099,Customer_98,50.0,Female,Hyderabad,2022-05-30,3216.2,home decor,
1100,Customer_99,23.0,M, Delhi,05-31-2022,2097.56,electronics,1.0
1101,Customer_100,,male,bengaluru,02-Jun-2022,2455.4,Home Decor,4.0
1102,Customer_101,26.0,,bengaluru,2022-06-03,2396.05,Clothing,
1103,Customer_102,59.0,female,Hyderabad,2022-06-05,1747.55,Clothing,5.0
1104,Customer_103,16.0,Male,Delhi,06/06/2022,3095.87,Clothing,3.0
1105,Customer_104,59.0,, Delhi,08-Jun-2022,"$3,085.22",Home Decor,5.0
1106,Customer_105,58.0,F,Delhi,06-09-2022,3034.2,Clothing,1.0
1107,Customer_106,58.0,male,Delhi,11-Jun-2022,3883.27,Home Decor,4.0
1108,Customer_107,51.0,F,MUMBAI,12-Jun-2022,"$3,804.41",Groceries,
1109,Customer_108,41.0,Male,Mumbai,06-14-2022,2162.55,home decor,3.0
1110,Customer_109,54.0,,Kolkata,06-15-2022,2835.75,Books,2.0
1111,Customer_110,30.0,Female,Mumbai,17/06/2022,1938.76,Electronics,5.0
1112,Customer_111,58.0,Female,Pune,2022-06-18,2521.02,Books,2.0
1113,Customer_112,46.0,Male,Mumbai,20/06/2022,1960.23,Electronics,5.0
1114,Customer_113,40.0,F,hyderabad,06-21-2022,3958.06,Groceries,3.0
1115,Customer_114,43.0,Male, Delhi,2022-06-23,"$2,827.33",Clothing,1.0
1116,Customer_115,46.0,Male,bengaluru,2022-06-24,"$2,303.77",Home Decor,5.0
1117,Customer_116,18.0,Male,Delhi,2022-06-26,"$3,574.26",Home Decor,1.0
1118,Customer_117,23.0,female,bengaluru,06-27-2022,546.45,home decor,2.0
1119,Customer_118,29.0,Male,Bengaluru,29-Jun-2022,687.31,clothing ,
1120,Customer_119,22.0,,bengaluru,30-Jun-2022,3216.25,Books,5.0
1121,Customer_120,39.0,Female,Bengaluru,02/07/2022,2554.42,Clothing,
1122,Customer_121,52.0,Male,bengaluru,07-04-2022,"$2,725.40",electronics,3.0
1123,Customer_122,51.0,Male,hyderabad,05-Jul-2022,1306.24,clothing ,4.0
1124,Customer_123,41.0,Male,Bengaluru,07-07-2022,2479.09,Groceries,2.0
1125,Customer_124,62.0,Female, Delhi,08/07/2022,4303.16,Home Decor,4.0
1126,Customer_125,46.0,female,mumbai ,10/07/2022,,home decor,3.0
1127,Customer_126,20.0,Male, Delhi,07-11-2022,,electronics,1.0
1128,Customer_127,57.0,F,mumbai ,13/07/2022,2104.85,Clothing,3.0
1129,Customer_128,120.0,Male,MUMBAI,14-Jul-2022,2144.88,Books,3.0
1130,Customer_129,50.0,female,Kolkata,16-Jul-2022,583.72,clothing ,2.0
1131,Customer_130,,,,2022-07-17,"$2,731.88",electronics,
1132,Customer_131,,female,bengaluru,07-19-2022,3260.93,Books,3.0
1133,Customer_132,20.0,Female,,20/07/2022,1081.94,clothing ,1.0
1134,Customer_133,46.0,F,Kolkata,07-22-2022,,Books,1.0
1135,Customer_134,58.0,Male,mumbai ,23/07/2022,1458.28,Books,4.0
1136,Customer_135,32.0,Male,MUMBAI,25/07/2022,1631.18,Books,2.0
1137,Customer_136,48.0,Male, Delhi,26/07/2022,2548.13,Groceries,4.0
1138,Customer_137,17.0,Female,Chennai,2022-07-28,624.04,home decor,3.0
1139,Customer_138,34.0,female,Kolkata,29-Jul-2022,,Books,3.0
1140,Customer_139,39.0,Female,MUMBAI,2022-07-31,3178.47,Clothing,3.0
1141,Customer_140,69.0,F,MUMBAI,01/08/2022,2274.01,Electronics,3.0
1142,Customer_141,,Male,Delhi,2022-08-03,267.36,Clothing,5.0
1143,Customer_142,30.0,female,Pune,2022-08-04,1603.22,Home Decor,5.0
1144,Customer_143,,Male,Mumbai,06/08/2022,3609.61,Groceries,2.0
1145,Customer_144,69.0,Male, Delhi,08-Aug-2022,-0.19,Electronics,4.0
1146,Customer_145,62.0,Female,,09-Aug-2022,"$2,187.23",Groceries,5.0
1147,Customer_146,17.0,,,11/08/2022,1438.0,electronics,1.0
1148,Customer_147,28.0,Female,Pune,08-12-2022,,Groceries,4.0
1149,Customer_148,60.0,Male,Mumbai,14-Aug-2022,1892.4,Groceries,3.0
1150,Customer_149,,Female, Delhi,2022-08-15,2863.56,Home Decor,5.0
1151,Customer_150,62.0,Male,Pune,17-Aug-2022,3008.91,clothing ,3.0
1152,Customer_151,31.0,F,Chennai,2022-08-18,4152.6,clothing ,5.0
1153,  Customer_152  ,65.0,Female,Mumbai,2022-08-20,2317.35,Home Decor,1.0
1154,Customer_153,31.0,Male,bengaluru,21/08/2022,"$2,838.44",Home Decor,1.0
1155,Customer_154,39.0,Male,Kolkata,2022-08-23,1163.45,home decor,5.0
1156,Customer_155,51.0,Male,Bengaluru,24-Aug-2022,3571.37,Clothing,3.0
1157,Customer_156,22.0,,bengaluru,26-Aug-2022,1815.54,clothing ,3.0
1158,Customer_157,46.0,Female,bengaluru,27/08/2022,1995.32,Clothing,1.0
1159,Customer_158,43.0,female,Chennai ,29-Aug-2022,2479.98,Groceries,2.0
1160,Customer_159,58.0,Female,MUMBAI,30-Aug-2022,1093.4,electronics,5.0
1161,Customer_160,69.0,Female,hyderabad,01-Sep-2022,2705.89,clothing ,2.0
1162,Customer_161,51.0,Male,,02-Sep-2022,3370.72,electronics,3.0
1163,Customer_162,38.0,,mumbai ,09-04-2022,2763.64,Groceries,2.0
1164,Customer_163,37.0,male,hyderabad,2022-09-05,1069.99,home decor,2.0
1165,Customer_164,38.0,Female,hyderabad,07-Sep-2022,2388.57,Books,1.0
1166,Customer_165,59.0,Female,Hyderabad,09-08-2022,-500.0,clothing ,5.0
1167,Customer_166,33.0,Female,,10-Sep-2022,809.81,Electronics,5.0
1168,Customer_167,25.0,,bengaluru,11-Sep-2022,"$1,532.71",electronics,1.0
1169,Customer_168,34.0,Male,hyderabad,2022-09-13,3288.89,Electronics,2.0
1170,Customer_169,17.0,Female,mumbai ,15/09/2022,"$2,743.09",home decor,3.0
1171,Customer_170,21.0,M,hyderabad,2022-09-16,2870.77,Books,2.0
1172,Customer_171,20.0,Female,Pune,2022-09-18,4173.55,Groceries,4.0
1173,Customer_172,,Male,Chennai ,19-Sep-2022,2921.7,electronics,2.0
1174,Customer_173,55.0,Male, Delhi,21-Sep-2022,3092.1,Electronics,1.0
1175,Customer_174,53.0,Male,Chennai,22-Sep-2022,4939.67,Books,2.0
1176,Customer_175,,male,Mumbai,24-Sep-2022,"$2,307.58",Clothing,3.0
1177,Customer_176,54.0,M,Kolkata,09-25-2022,1781.91,Electronics,1.0
1178,Customer_177,24.0,Female, Delhi,09-27-2022,2885.02,electronics,5.0
1179,Customer_178,64.0,Female,Mumbai,28-Sep-2022,"$2,895.09",Clothing,1.0
1180,Customer_179,43.0,M,hyderabad,09-30-2022,2025.96,Home Decor,1.0
1181,Customer_180,66.0,M,Chennai ,10-01-2022,"$1,570.84",Books,3.0
1182,Customer_181,24.0,Male,Chennai ,2022-10-03,,Clothing,3.0
1183,Customer_182,42.0,Female,Mumbai,10-04-2022,2794.16,Home Decor,2.0
1184,Customer_183,53.0,male,Hyderabad,06-Oct-2022,1840.94,Electronics,2.0
1185,Customer_184,42.0,Male,Chennai ,10-07-2022,3324.34,Electronics,1.0
1186,Customer_185,40.0,M,hyderabad,09/10/2022,2401.77,Electronics,4.0
1187,Customer_186,24.0,Female,hyderabad,2022-10-10,30000.0,Books,2.0
1188,Customer_187,36.0,Male,MUMBAI,2022-10-12,3006.05,Groceries,1.0
1189,Customer_188,28.0,Female,MUMBAI,10-13-2022,1337.31,home decor,2.0
1190,Customer_189,32.0,Female,Kolkata,10-15-2022,2817.36,Electronics,5.0
1191,Customer_190,-5.0,Female,bengaluru,16-Oct-2022,4221.66,Electronics,2.0
1192,Customer_191,50.0,Female,Bengaluru,18-Oct-2022,2919.56,home decor,5.0
1193,Customer_192,48.0,Female,Delhi,20/10/2022,2161.41,Electronics,2.0
1194,Customer_193,35.0,male,Chennai ,21-Oct-2022,2043.61,electronics,1.0
1195,Customer_194,,female,Hyderabad,10-23-2022,2130.69,Groceries,2.0
1196,Customer_195,20.0,Female,Mumbai,24/10/2022,2271.43,Groceries,2.0
1197,Customer_196,34.0,M,Chennai,26-Oct-2022,2159.97,electronics,1.0
1198,Customer_197,22.0,Female,Kolkata,2022-10-27,3324.68,clothing ,3.0
1199,Customer_198,34.0,male,Delhi,10-29-2022,940.11,Home Decor,2.0
1200,  Customer_199  ,,Female,Delhi,30-Oct-2022,3275.8,clothing ,4.0
1201,Customer_200,35.0,female,Pune,11-01-2022,2158.28,clothing ,3.0
1202,Customer_201,65.0,F,Mumbai,02-Nov-2022,2839.25,Electronics,3.0
1203,Customer_202,42.0,,Bengaluru,2022-11-04,,clothing ,3.0
1204,Customer_203,53.0,Female,Bengaluru,11-05-2022,3695.77,home decor,1.0
1205,Customer_204,40.0,Female,hyderabad,07-Nov-2022,3621.07,Home Decor,4.0
1206,Customer_205,30.0,female,mumbai ,11-08-2022,3363.63,Books,
1207,Customer_206,57.0,male,Bengaluru,10-Nov-2022,1136.72,electronics,4.0
1208,Customer_207,68.0,F,mumbai ,11/11/2022,3246.21,Electronics,5.0
1209,Customer_208,30.0,Female,hyderabad,11-13-2022,2864.37,Groceries,4.0
1210,Customer_209,58.0,Male,Chennai ,14/11/2022,1055.26,electronics,3.0
1211,Customer_210,30.0,Male,bengaluru,16-Nov-2022,2478.13,Groceries,2.0
1212,Customer_211,,F,Bengaluru,2022-11-17,2828.08,Books,5.0
1213,Customer_212,58.0,Male,mumbai ,19/11/2022,3000.47,Clothing,2.0
1214,Customer_213,40.0,male,Pune,2022-11-20,"$2,659.54",Groceries,3.0
1215,Customer_214,55.0,male,Chennai ,11-22-2022,2762.11,Home Decor,4.0
1216,Customer_215,30.0,Male, Delhi,2022-11-23,3826.25,electronics,5.0
1217,Customer_216,20.0,male,Bengaluru,25/11/2022,3603.43,Books,5.0
1218,Customer_217,21.0,female,Hyderabad,27-Nov-2022,-80.35,electronics,1.0
1219,Customer_218,40.0,Male,Hyderabad,28/11/2022,2214.31,home decor,5.0
1220,Customer_219,64.0,female,Bengaluru,2022-11-30,"$2,351.81",Home Decor,1.0
1221,Customer_220,22.0,F,Delhi,2022-12-01,923.11,electronics,3.0
1222,Customer_221,40.0,male,Chennai ,2022-12-03,"$2,584.76",Home Decor,5.0
1223,Customer_222,54.0,Male,Chennai ,04-Dec-2022,"$3,623.88",electronics,4.0
1224,Customer_223,26.0,Female,Chennai,12-06-2022,25000.0,Groceries,5.0
1225,Customer_224,54.0,Male,Mumbai,07-Dec-2022,"$2,802.76",Books,2.0
1226,Customer_225,32.0,male,bengaluru,2022-12-09,1675.76,Books,2.0
1227,Customer_226,59.0,,Chennai,10/12/2022,"$42,000.00",home decor,2.0
1228,Customer_227,47.0,,Kolkata,2022-12-12,3829.65,clothing ,2.0
1229,Customer_228,45.0,female,bengaluru,13/12/2022,2011.7,Groceries,4.0
1230,Customer_229,25.0,male, Delhi,12-15-2022,2915.99,Clothing,3.0
1231,Customer_230,41.0,Female,Chennai,16-Dec-2022,$815.90,Books,4.0
1232,Customer_231,62.0,Female,MUMBAI,18/12/2022,4176.09,clothing ,3.0
1233,Customer_232,17.0,M,mumbai ,19-Dec-2022,3042.39,home decor,2.0
1234,Customer_233,56.0,Female,Chennai ,12-21-2022,"$2,335.75",Clothing,1.0
1235,Customer_234,42.0,Male,Kolkata,22/12/2022,3017.99,Home Decor,3.0
1236,Customer_235,54.0,Male,hyderabad,24-Dec-2022,1231.16,electronics,5.0
1237,Customer_236,51.0,Female,Chennai,25/12/2022,3564.28,Home Decor,5.0
1238,Customer_237,,Male,Mumbai,2022-12-27,"$2,208.41",Electronics,2.0
1239,Customer_238,32.0,Male,Kolkata,28-Dec-2022,2316.34,Electronics,3.0
1240,Customer_239,49.0,F,Bengaluru,30-Dec-2022,2057.51,Clothing,
1241,Customer_240,23.0,,Delhi,2023-01-01,1977.41,clothing ,4.0
1242,Customer_241,47.0,Female,Pune,02-Jan-2023,"$3,125.20",Home Decor,1.0
1243,Customer_242,21.0,F,Hyderabad,04-Jan-2023,2730.32,Clothing,3.0
1244,Customer_243,51.0,,Hyderabad,05-Jan-2023,3086.57,Electronics,1.0
1245,Customer_244,49.0,Male,Delhi,07/01/2023,2492.08,Clothing,1.0
1246,Customer_245,,M,Kolkata,01-08-2023,2961.88,clothing ,4.0
1247,Customer_246,150.0,M,Bengaluru,01-10-2023,2123.04,Groceries,1.0
1248,Customer_247,38.0,Male,bengaluru,01-11-2023,4506.76,Home Decor,2.0
1249,Customer_248,58.0,female,Hyderabad,01-13-2023,"$1,088.86",electronics,3.0
1250,Customer_249,,M,,01-14-2023,3634.84,Groceries,4.0
1251,Customer_250,25.0,Female,MUMBAI,01-16-2023,3731.12,Home Decor,3.0
1252,Customer_251,42.0,Male,,01-17-2023,1733.06,home decor,1.0
1253,Customer_252,26.0,Male, Delhi,01-19-2023,"$4,506.35",Groceries,4.0
1254,Customer_253,33.0,,Kolkata,2023-01-20,3395.94,home decor,5.0
1255,Customer_254,51.0,Male,Hyderabad,2023-01-22,3374.03,electronics,5.0
1256,Customer_255,23.0,Male, Delhi,23-Jan-2023,"$2,525.22",Home Decor,4.0
1257,Customer_256,,male,Hyderabad,25-Jan-2023,2304.5,Electronics,3.0
1258,Customer_257,21.0,Female,Hyderabad,01-26-2023,-500.0,Electronics,5.0
1259,Customer_258,25.0,Female,Bengaluru,2023-01-28,2851.48,home decor,3.0
1260,Customer_259,47.0,Female,Bengaluru,29-Jan-2023,3761.07,clothing ,1.0
1261,Customer_260,58.0,Male,Pune,2023-01-31,2663.18,Groceries,5.0
1262,Customer_261,25.0,Male,Chennai,01/02/2023,1679.7,Groceries,2.0
1263,Customer_262,32.0,F,mumbai ,03/02/2023,3241.98,Home Decor,
1264,Customer_263,65.0,Female,Hyderabad,2023-02-04,3329.04,electronics,2.0
1265,Customer_264,69.0,Female,Chennai,06-Feb-2023,3089.19,electronics,5.0
1266,Customer_265,47.0,Female,bengaluru,02-08-2023,3170.95,Electronics,3.0
1267,Customer_266,40.0,female,Hyderabad,09/02/2023,,home decor,3.0
1268,Customer_267,34.0,Male,Pune,02-11-2023,1663.91,electronics,2.0
1269,Customer_268,49.0,male, Delhi,2023-02-12,1718.63,Groceries,5.0
1270,Customer_269,47.0,Female,Bengaluru,14/02/2023,1028.08,clothing ,1.0
1271,Customer_270,31.0,male,,02-15-2023,,electronics,
1272,Customer_271,17.0,F,Chennai ,17/02/2023,2424.9,clothing ,2.0
1273,Customer_272,24.0,Female,Bengaluru,18-Feb-2023,,Electronics,3.0
1274,Customer_273,67.0,female, Delhi,2023-02-20,-160.06,electronics,2.0
1275,Customer_274,38.0,F,,2023-02-21,1377.41,electronics,4.0
1276,Customer_275,42.0,Female,Bengaluru,02-23-2023,3508.76,home decor,2.0
1277,Customer_276,41.0,,bengaluru,24-Feb-2023,1901.84,Groceries,1.0
1278,Customer_277,58.0,Female,Bengaluru,26/02/2023,2824.53,Books,1.0
1279,Customer_278,19.0,F,Delhi,2023-02-27,1248.38,clothing ,4.0
1280,Customer_279,20.0,male,mumbai ,01-Mar-2023,3794.83,electronics,2.0
1281,Customer_280,30.0,Female,hyderabad,02/03/2023,2370.38,Groceries,2.0
1282,Customer_281,42.0,Female,mumbai ,2023-03-04,"$2,761.04",Books,4.0
1283,Customer_282,52.0,Male, Delhi,03-05-2023,4593.2,Groceries,2.0
1284,Customer_283,42.0,M,Chennai ,07/03/2023,3864.8,Electronics,2.0
1285,Customer_284,39.0,,mumbai ,08-Mar-2023,"$2,224.09",Clothing,2.0
1286,Customer_285,66.0,Female,Chennai ,10/03/2023,1966.1,Books,2.0
1287,Customer_286,24.0,Male,Hyderabad,03-11-2023,"$2,207.01",Groceries,
1288,Customer_287,46.0,male,Chennai ,03-13-2023,2958.91,Books,3.0
1289,Customer_288,45.0,Male,Delhi,2023-03-15,2405.3,Groceries,5.0
1290,Customer_289,41.0,Male,Mumbai,16/03/2023,2144.28,Electronics,4.0
1291,Customer_290,59.0,,Pune,2023-03-18,3820.46,home decor,1.0
1292,Customer_291,30.0,M, Delhi,03-19-2023,2397.21,home decor,2.0
1293,Customer_292,67.0,male,hyderabad,21-Mar-2023,4569.63,Home Decor,2.0
1294,Customer_293,,Female,MUMBAI,22-Mar-2023,2581.67,Books,3.0
1295,Customer_294,45.0,Male,MUMBAI,24/03/2023,4106.79,electronics,2.0
1296,Customer_295,44.0,Male,hyderabad,25/03/2023,2821.59,Books,5.0
1297,Customer_296,61.0,Female,Kolkata,03-27-2023,3366.66,electronics,2.0
1298,Customer_297,39.0,Female,,03-28-2023,"$1,847.85",Books,3.0
1299,Customer_298,31.0,,Hyderabad,30-Mar-2023,"$1,731.62",electronics,1.0
1300,Customer_299,17.0,Female,Delhi,2023-03-31,,Groceries,5.0
1301,Customer_300,35.0,Female,Pune,2023-04-02,3389.7,home decor,5.0
1302,Customer_301,60.0,female,Chennai ,03/04/2023,2536.23,Electronics,4.0
1303,Customer_302,16.0,,MUMBAI,05/04/2023,1342.25,Electronics,
1304,Customer_303,,Female,mumbai ,06/04/2023,1275.77,home decor,1.0
1305,Customer_304,45.0,,Pune,08-Apr-2023,1215.58,Electronics,4.0
1306,Customer_305,,female,Delhi,2023-04-09,909.14,Groceries,3.0
1307,Customer_306,32.0,F,Hyderabad,11-Apr-2023,"$2,598.54",Books,5.0
1308,Customer_307,,Male,mumbai ,04-12-2023,3512.54,Groceries,4.0
1309,Customer_308,33.0,female,Delhi,04-14-2023,2487.93,clothing ,3.0
1310,Customer_309,21.0,M,Delhi,04-15-2023,465.63,clothing ,5.0
1311,Customer_310,51.0,Female,Delhi,2023-04-17,"$2,328.32",Home Decor,
1312,Customer_311,52.0,Female,,04-18-2023,2353.48,Groceries,3.0
1313,Customer_312,22.0,,Pune,2023-04-20,4386.4,Groceries,1.0
1314,Customer_313,31.0,,Pune,04-22-2023,1188.58,electronics,
1315,Customer_314,150.0,male,Hyderabad,04-23-2023,,Home Decor,
1316,Customer_315,51.0,female,MUMBAI,04-25-2023,4035.27,Home Decor,3.0
1317,Customer_316,55.0,female,Kolkata,26/04/2023,2904.98,Home Decor,1.0
1318,Customer_317,,male,,28/04/2023,,Electronics,1.0
1319,Customer_318,66.0,Male,Chennai,29/04/2023,"$2,603.13",Home Decor,4.0
1320,Customer_319,57.0,Male,Hyderabad,2023-05-01,2796.95,Home Decor,4.0
1321,  Customer_320  ,33.0,female,Hyderabad,05-02-2023,3199.85,electronics,1.0
1322,Customer_321,21.0,Female,Kolkata,2023-05-04,"$1,771.46",home decor,3.0
1323,Customer_322,49.0,,Chennai,05/05/2023,"$3,290.25",Groceries,1.0
1324,Customer_323,65.0,Female,Chennai,05-07-2023,1264.3,clothing ,4.0
1325,Customer_324,68.0,,Hyderabad,2023-05-08,2795.53,Home Decor,5.0
1326,Customer_325,28.0,M,Delhi,10-May-2023,2660.87,Groceries,5.0
1327,Customer_326,28.0,female, Delhi,11/05/2023,1945.34,Groceries,3.0
1328,Customer_327,18.0,Male,Chennai ,2023-05-13,2479.58,Clothing,4.0
1329,Customer_328,,Female,Mumbai,05-14-2023,1939.71,Books,5.0
1330,Customer_329,45.0,female, Delhi,05-16-2023,1535.47,Books,4.0
1331,Customer_330,45.0,,Hyderabad,05-17-2023,2181.75,electronics,3.0
1332,Customer_331,36.0,female,Kolkata,19-May-2023,1506.41,Home Decor,4.0
1333,Customer_332,32.0,Male,bengaluru,20/05/2023,2790.52,Electronics,3.0
1334,Customer_333,60.0,male,Bengaluru,22-May-2023,1464.92,Clothing,
1335,Customer_334,40.0,Male,Bengaluru,23/05/2023,3140.78,Books,3.0
1336,Customer_335,59.0,Male,Chennai ,05-25-2023,1436.67,electronics,5.0
1337,Customer_336,68.0,Female,Chennai,2023-05-27,1990.33,clothing ,1.0
1338,Customer_337,33.0,Female,Mumbai,05-28-2023,"$1,937.86",electronics,1.0
1339,Customer_338,26.0,female,Chennai,30/05/2023,,Home Decor,1.0
1340,Customer_339,67.0,F,Bengaluru,05-31-2023,2797.26,clothing ,
1341,Customer_340,50.0,female,Hyderabad,02-Jun-2023,2309.44,Groceries,4.0
1342,Customer_341,31.0,female,,03-Jun-2023,2948.85,Books,2.0
1343,Customer_342,49.0,Male,Kolkata,05-Jun-2023,603.53,Groceries,1.0
1344,Customer_343,43.0,Male,Chennai,2023-06-06,"$2,461.18",Home Decor,5.0
1345,Customer_344,64.0,Female, Delhi,2023-06-08,4297.76,Electronics,4.0
1346,Customer_345,29.0,F,Bengaluru,09-Jun-2023,2619.11,electronics,4.0
1347,Customer_346,69.0,Male,MUMBAI,11/06/2023,"$2,561.12",Books,3.0
1348,Customer_347,66.0,Female,Kolkata,2023-06-12,,home decor,3.0
1349,Customer_348,25.0,Female,Pune,14/06/2023,3306.04,Home Decor,1.0
1350,Customer_349,24.0,Male,Pune,15-Jun-2023,$702.28,clothing ,1.0
1351,Customer_350,44.0,M, Delhi,17/06/2023,985.91,electronics,5.0
1352,Customer_351,18.0,F, Delhi,2023-06-18,2689.26,home decor,2.0
1353,Customer_352,32.0,Female,Pune,06-20-2023,1856.61,home decor,4.0
1354,Customer_353,39.0,Male,Chennai,2023-06-21,3680.82,electronics,4.0
1355,Customer_354,68.0,F,,23/06/2023,2216.34,Groceries,2.0
1356,Customer_355,69.0,male,bengaluru,2023-06-24,758.92,Groceries,2.0
1357,Customer_356,24.0,F,Bengaluru,06-26-2023,1358.79,clothing ,4.0
1358,Customer_357,64.0,male,Chennai ,27/06/2023,$25.29,Books,1.0
1359,Customer_358,20.0,Female,hyderabad,29-Jun-2023,2289.29,Electronics,3.0
1360,Customer_359,56.0,M, Delhi,30/06/2023,2330.45,Clothing,5.0
1361,Customer_360,61.0,Male,hyderabad,2023-07-02,2117.98,Electronics,4.0
1362,Customer_361,64.0,F,Delhi,2023-07-04,3470.99,Home Decor,4.0
1363,Customer_362,28.0,Male,Bengaluru,2023-07-05,"$3,578.67",Home Decor,1.0
1364,Customer_363,64.0,Male,Pune,07/07/2023,2346.65,Books,1.0
1365,Customer_364,22.0,male,Kolkata,2023-07-08,578.78,Groceries,2.0
1366,Customer_365,44.0,Female,Kolkata,10/07/2023,"$3,055.55",electronics,2.0
1367,Customer_366,,female, Delhi,11-Jul-2023,,clothing ,1.0
1368,Customer_367,33.0,,hyderabad,13-Jul-2023,2778.45,Electronics,5.0
1369,Customer_368,17.0,male,Kolkata,07-14-2023,3383.33,Home Decor,1.0
1370,  Customer_369  ,57.0,M,Kolkata,16-Jul-2023,1451.65,Home Decor,4.0
1371,Customer_370,34.0,Male,Mumbai,17-Jul-2023,30000.0,home decor,3.0
1372,Customer_371,51.0,Female,Hyderabad,07-19-2023,1636.52,Clothing,4.0
1373,Customer_372,38.0,,Kolkata,20-Jul-2023,3174.3,Clothing,2.0
1374,Customer_373,36.0,Female,Hyderabad,2023-07-22,981.39,Electronics,2.0
1375,Customer_374,63.0,Female,Delhi,23-Jul-2023,1662.76,clothing ,4.0
1376,Customer_375,21.0,M,Hyderabad,25/07/2023,3864.73,clothing ,2.0
1377,Customer_376,55.0,,mumbai ,07-26-2023,2265.19,home decor,4.0
1378,Customer_377,56.0,Female,bengaluru,28-Jul-2023,3255.93,home decor,1.0
1379,Customer_378,36.0,Male,Chennai ,29/07/2023,2713.26,electronics,1.0
1380,Customer_379,30.0,male,Bengaluru,2023-07-31,2405.54,Clothing,4.0
1381,Customer_380,16.0,Male,Hyderabad,01/08/2023,"$3,727.47",Groceries,4.0
1382,Customer_381,66.0,Male,Delhi,03/08/2023,2287.01,Clothing,1.0
1383,Customer_382,67.0,Male,Chennai,04-Aug-2023,897.34,Electronics,5.0
1384,Customer_383,29.0,Female,Chennai ,06-Aug-2023,1777.08,home decor,1.0
1385,Customer_384,17.0,Female,Chennai ,08-08-2023,2996.07,Home Decor,5.0
1386,Customer_385,22.0,male,Delhi,09-Aug-2023,2855.96,Groceries,4.0
1387,Customer_386,19.0,M,Delhi,11/08/2023,1089.65,Clothing,5.0
1388,Customer_387,60.0,,Delhi,12/08/2023,"$1,848.09",home decor,5.0
1389,Customer_388,64.0,female,bengaluru,14-Aug-2023,1976.45,Electronics,2.0
1390,Customer_389,24.0,Female,Chennai,08-15-2023,2171.08,clothing ,4.0
1391,Customer_390,56.0,male, Delhi,08-17-2023,"$1,261.68",home decor,2.0
1392,Customer_391,25.0,F,,18/08/2023,"$1,934.47",Books,3.0
1393,Customer_392,35.0,Male,Delhi,08-20-2023,1844.25,Clothing,2.0
1394,Customer_393,48.0,male,MUMBAI,21-Aug-2023,3194.38,Home Decor,3.0
1395,Customer_394,54.0,,,23/08/2023,3228.21,electronics,5.0
1396,Customer_395,63.0,Female,hyderabad,2023-08-24,2368.77,Electronics,3.0
1397,Customer_396,18.0,female,Delhi,2023-08-26,2147.16,Clothing,1.0
1398,Customer_397,26.0,Female,Pune,2023-08-27,2625.93,Books,2.0
1399,Customer_398,,Female,Chennai,29/08/2023,1765.08,Home Decor,4.0
1400,Customer_399,32.0,male,MUMBAI,08-30-2023,,clothing ,3.0
1401,Customer_400,69.0,Male, Delhi,01-Sep-2023,1653.8,Clothing,3.0
1402,Customer_401,57.0,male,Mumbai,2023-09-02,,electronics,3.0
1403,Customer_402,33.0,Male,Mumbai,04-Sep-2023,1452.87,Clothing,
1404,Customer_403,68.0,F, Delhi,09-05-2023,2645.85,electronics,3.0
1405,Customer_404,42.0,male,Bengaluru,2023-09-07,3156.74,electronics,4.0
1406,Customer_405,43.0,Female,hyderabad,08/09/2023,1071.61,Home Decor,5.0
1407,  Customer_406  ,39.0,female,mumbai ,10/09/2023,2522.62,electronics,4.0
1408,Customer_407,23.0,female,hyderabad,11-Sep-2023,2302.06,Electronics,5.0
1409,Customer_408,-5.0,M,Delhi,13-Sep-2023,2807.36,Groceries,5.0
1410,Customer_409,16.0,Female,mumbai ,15-Sep-2023,2488.36,Clothing,1.0
1411,Customer_410,25.0,,Hyderabad,09-16-2023,1191.76,clothing ,2.0
1412,Customer_411,28.0,Female,hyderabad,18/09/2023,1363.85,electronics,2.0
1413,Customer_412,31.0,female,Chennai,19/09/2023,2526.48,electronics,1.0
1414,Customer_413,23.0,,mumbai ,21-Sep-2023,3425.9,clothing ,1.0
1415,Customer_414,16.0,female,mumbai ,2023-09-22,$507.23,Home Decor,4.0
1416,Customer_415,52.0,Male,Bengaluru,24/09/2023,,clothing ,
1417,Customer_416,68.0,Female,Bengaluru,2023-09-25,3570.66,Groceries,1.0
1418,Customer_417,22.0,Male,Kolkata,27/09/2023,2362.28,Groceries,2.0
1419,  Customer_418  ,32.0,Female,Delhi,28/09/2023,2995.18,Clothing,2.0
1420,Customer_419,43.0,,MUMBAI,2023-09-30,,Clothing,1.0
1421,Customer_420,66.0,Female,Kolkata,01/10/2023,"$2,392.57",clothing ,1.0
1422,Customer_421,53.0,M,MUMBAI,03-Oct-2023,1041.18,Electronics,4.0
1423,Customer_422,57.0,Male,Mumbai,10-04-2023,390.09,Home Decor,
1424,Customer_423,47.0,,Bengaluru,06-Oct-2023,3348.49,Groceries,3.0
1425,Customer_424,38.0,Male,Bengaluru,07-Oct-2023,1613.5,Clothing,4.0
1426,Customer_425,26.0,Male,Chennai ,09-Oct-2023,2090.02,Clothing,5.0
1427,Customer_426,62.0,Male,Pune,10/10/2023,42000.0,Clothing,5.0
1428,Customer_427,59.0,Male,Kolkata,12-Oct-2023,1231.03,Home Decor,1.0
1429,Customer_428,17.0,Female,Delhi,13-Oct-2023,2343.55,home decor,5.0
1430,Customer_429,54.0,Female,Kolkata,15-Oct-2023,1843.38,Electronics,1.0
1431,Customer_430,20.0,male,Chennai ,16/10/2023,2840.17,clothing ,1.0
1432,Customer_431,55.0,Male,Mumbai,2023-10-18,2907.28,Electronics,3.0
1433,Customer_432,60.0,Male,Kolkata,10-20-2023,2788.76,clothing ,4.0
1434,Customer_433,23.0,M,mumbai ,21-Oct-2023,2714.74,electronics,
1435,Customer_434,39.0,Male,Chennai,23-Oct-2023,3919.99,Clothing,2.0
1436,Customer_435,22.0,Female,,10-24-2023,1539.17,clothing ,2.0
1437,Customer_436,46.0,Male,Delhi,2023-10-26,2450.56,Clothing,2.0
1438,Customer_437,66.0,male,Delhi,27/10/2023,3519.42,clothing ,5.0
1439,Customer_438,20.0,M,,10-29-2023,3638.09,home decor,2.0
1440,Customer_439,37.0,M,,10-30-2023,,home decor,2.0
1441,Customer_440,68.0,Male,MUMBAI,01/11/2023,2218.88,Electronics,1.0
1442,Customer_441,32.0,Male,Chennai ,02/11/2023,,clothing ,1.0
1443,Customer_442,23.0,F,Bengaluru,2023-11-04,2957.27,home decor,1.0
1444,Customer_443,42.0,Male,mumbai ,05/11/2023,2675.74,Groceries,
1445,Customer_444,43.0,Female,Hyderabad,11-07-2023,2304.08,electronics,
1446,Customer_445,51.0,Female,hyderabad,2023-11-08,2154.58,Groceries,3.0
1447,Customer_446,32.0,male,Chennai,10-Nov-2023,2759.4,electronics,
1448,Customer_447,67.0,M,MUMBAI,2023-11-11,2272.86,Electronics,3.0
1449,Customer_448,44.0,female,MUMBAI,11-13-2023,2461.68,Home Decor,1.0
1450,Customer_449,31.0,F,Bengaluru,14/11/2023,,Groceries,2.0
1451,Customer_450,67.0,Male,bengaluru,16-Nov-2023,1889.74,home decor,2.0
1452,Customer_451,65.0,male,Chennai,17-Nov-2023,2978.92,Clothing,5.0
1453,Customer_452,42.0,Male,Delhi,11-19-2023,5122.82,home decor,2.0
1454,Customer_453,17.0,Female,bengaluru,11-20-2023,900.71,clothing ,1.0
1455,Customer_454,48.0,Female,Delhi,11-22-2023,2791.61,Home Decor,4.0
1456,Customer_455,45.0,Male,Chennai ,11-23-2023,1815.83,Electronics,3.0
1457,Customer_456,24.0,male,hyderabad,2023-11-25,3019.66,Electronics,1.0
1458,Customer_457,,,Chennai ,27/11/2023,2541.9,home decor,4.0
1459,Customer_458,61.0,Male,Mumbai,2023-11-28,3185.67,home decor,2.0
1460,Customer_459,21.0,Female,Kolkata,30/11/2023,3557.96,Books,5.0
1461,Customer_460,55.0,Female,Mumbai,12-01-2023,2673.18,Clothing,5.0
1462,Customer_461,23.0,Male,Kolkata,2023-12-03,"$3,518.85",Electronics,2.0
1463,Customer_462,56.0,Male,Mumbai,2023-12-04,390.13,Books,3.0
1464,  Customer_463  ,38.0,Male,bengaluru,06-Dec-2023,"$3,931.41",Groceries,3.0
1465,Customer_464,16.0,,mumbai ,07/12/2023,2837.56,electronics,4.0
1466,Customer_465,68.0,Male,mumbai ,2023-12-09,3470.06,home decor,1.0
1467,Customer_466,24.0,Male,Chennai ,12-10-2023,1402.11,Books,2.0
1468,Customer_467,48.0,Male,Hyderabad,12-12-2023,1752.31,Clothing,1.0
1469,Customer_468,25.0,Male,mumbai ,13-Dec-2023,2631.34,home decor,4.0
1470,Customer_469,66.0,Female,Kolkata,15-Dec-2023,2484.67,home decor,1.0
1471,Customer_470,55.0,Male, Delhi,16-Dec-2023,2754.76,Groceries,3.0
1472,Customer_471,59.0,Female, Delhi,12-18-2023,3476.06,Home Decor,
1473,Customer_472,39.0,Female,Delhi,19/12/2023,911.3,Clothing,5.0
1474,Customer_473,41.0,F,Bengaluru,21-Dec-2023,3376.44,Books,2.0
1475,Customer_474,50.0,Male,MUMBAI,22/12/2023,2507.45,Books,1.0
1476,Customer_475,58.0,F,Bengaluru,24/12/2023,2316.6,Books,4.0
1477,Customer_476,61.0,Female,MUMBAI,25-Dec-2023,1176.0,Home Decor,1.0
1478,Customer_477,,Male,Mumbai,27-Dec-2023,"$2,952.74",Electronics,1.0
1479,Customer_478,51.0,female, Delhi,28/12/2023,327.3,Clothing,5.0
1480,Customer_479,,F,Chennai ,12-30-2023,3083.55,clothing ,5.0
1481,Customer_480,31.0,Male,Hyderabad,01-Jan-2024,1157.1,Books,4.0
1482,Customer_481,60.0,, Delhi,02-Jan-2024,2548.11,Groceries,5.0
1483,Customer_482,29.0,Female, Delhi,2024-01-04,,Groceries,1.0
1484,Customer_483,59.0,Female,,01-05-2024,"$3,552.58",electronics,1.0
1485,Customer_484,41.0,,Chennai ,2024-01-07,2339.21,home decor,2.0
1486,Customer_485,28.0,male,hyderabad,08-Jan-2024,1875.28,Clothing,1.0
1487,Customer_486,34.0,female,Pune,2024-01-10,2044.06,Electronics,5.0
1488,Customer_487,44.0,male,hyderabad,11-Jan-2024,3645.59,Books,1.0
1489,Customer_488,57.0,female,Kolkata,2024-01-13,2982.67,electronics,
1490,Customer_489,48.0,Female,Bengaluru,14/01/2024,25000.0,Electronics,
1491,Customer_490,66.0,Male,Bengaluru,2024-01-16,2287.2,Electronics,4.0
1492,Customer_491,62.0,M, Delhi,17-Jan-2024,1089.54,clothing ,2.0
1493,  Customer_492  ,56.0,male,Delhi,19/01/2024,2849.63,Electronics,3.0
1494,Customer_493,48.0,Male,,01-20-2024,,home decor,3.0
1495,Customer_494,31.0,Male,Hyderabad,2024-01-22,3176.62,Groceries,4.0
1496,Customer_495,38.0,male,hyderabad,23/01/2024,2615.76,Clothing,3.0
1497,Customer_496,22.0,Male,MUMBAI,25-Jan-2024,"$4,648.26",Electronics,2.0
1498,Customer_497,36.0,Male,bengaluru,26-Jan-2024,1509.88,clothing ,4.0
1499,Customer_498,66.0,Female,MUMBAI,2024-01-28,2407.6,electronics,5.0
1500,Customer_499,,Female,Pune,29/01/2024,4118.46,Books,3.0
1501,Customer_500,22.0,female,Delhi,31/01/2024,3572.25,Clothing,1.0
1502,Customer_501,51.0,male,mumbai ,02-01-2024,1873.41,clothing ,3.0
1503,Customer_502,67.0,F,Chennai,02-03-2024,2701.57,Electronics,5.0
1504,Customer_503,62.0,Female,Pune,2024-02-04,2501.8,electronics,5.0
1505,Customer_504,30.0,Male,Pune,06-Feb-2024,2753.76,electronics,3.0
1506,Customer_505,40.0,Male,mumbai ,2024-02-08,1871.19,Electronics,1.0
1507,Customer_506,44.0,Female, Delhi,09/02/2024,,Home Decor,3.0
1508,Customer_507,29.0,Male,mumbai ,11-Feb-2024,1061.75,Books,5.0
1509,Customer_508,30.0,Female, Delhi,02-12-2024,2621.61,Books,5.0
1510,Customer_509,28.0,,bengaluru,14/02/2024,2905.02,Clothing,1.0
1511,Customer_510,69.0,Male,Delhi,15-Feb-2024,2295.32,home decor,2.0
1512,Customer_511,56.0,Male,Mumbai,17/02/2024,1046.45,Groceries,3.0
1513,Customer_512,61.0,,bengaluru,02-18-2024,3389.68,Electronics,1.0
1514,Customer_513,60.0,Female,,2024-02-20,2828.07,Electronics,5.0
1515,Customer_514,67.0,Male,MUMBAI,2024-02-21,1846.59,Groceries,1.0
1516,Customer_515,21.0,F,Mumbai,23/02/2024,2247.46,clothing ,
1517,Customer_516,63.0,F,,02-24-2024,1149.4,Electronics,5.0
1518,Customer_517,19.0,Female,Bengaluru,26-Feb-2024,1577.13,Books,4.0
1519,Customer_518,41.0,Female,Pune,27/02/2024,"$2,015.97",Home Decor,4.0
1520,Customer_519,48.0,Male,hyderabad,29-Feb-2024,3605.58,Groceries,
1521,Customer_520,35.0,Male,mumbai ,03-01-2024,1924.45,Books,5.0
1522,Customer_521,23.0,Female,Mumbai,2024-03-03,"$3,076.19",Books,3.0
1523,Customer_522,26.0,male, Delhi,03-04-2024,2015.52,Books,1.0
1524,Customer_523,60.0,Female,Chennai ,03-06-2024,2723.15,Clothing,2.0
1525,Customer_524,33.0,F,Hyderabad,07/03/2024,2372.74,Books,2.0
1526,Customer_525,32.0,Male,hyderabad,09/03/2024,3285.75,Groceries,3.0
1527,Customer_526,65.0,Female, Delhi,10/03/2024,2018.67,Home Decor,2.0
1528,Customer_527,23.0,Male,MUMBAI,03-12-2024,1084.72,home decor,3.0
1529,Customer_528,65.0,F,Mumbai,03-14-2024,1256.25,electronics,3.0
1530,Customer_529,65.0,Male,mumbai ,15/03/2024,2021.31,clothing ,2.0
1531,Customer_530,48.0,Female,Mumbai,17/03/2024,1375.85,electronics,4.0
1532,Customer_531,24.0,Female,Pune,18/03/2024,2869.19,Clothing,2.0
1533,Customer_532,24.0,M,,20/03/2024,2080.81,clothing ,4.0
1534,Customer_533,31.0,Female,hyderabad,21/03/2024,4637.15,home decor,2.0
1535,Customer_534,47.0,Female,Chennai,23/03/2024,936.06,home decor,5.0
1536,Customer_535,24.0,Female,Chennai,03-24-2024,2683.27,clothing ,2.0
1537,Customer_536,40.0,female,Bengaluru,2024-03-26,1484.84,Clothing,
1538,Customer_537,22.0,,hyderabad,03-27-2024,2055.94,Groceries,1.0
1539,Customer_538,45.0,M,Mumbai,2024-03-29,2627.28,Books,5.0
1540,Customer_539,17.0,Female,mumbai ,30/03/2024,$407.17,Books,5.0
1541,Customer_540,54.0,Male,Bengaluru,01-Apr-2024,2713.14,electronics,2.0
1542,Customer_541,18.0,female,Bengaluru,02-Apr-2024,4212.62,electronics,4.0
1543,Customer_542,26.0,Female,Chennai,04-04-2024,2091.91,Home Decor,3.0
1544,Customer_543,25.0,M,Hyderabad,04-05-2024,2733.83,Clothing,1.0
1545,Customer_544,60.0,Male,Chennai,2024-04-07,3422.43,electronics,3.0
1546,Customer_545,18.0,F,Delhi,08/04/2024,2352.44,Electronics,4.0
1547,Customer_546,39.0,M,,04-10-2024,1977.14,clothing ,5.0
1548,Customer_547,,Female,Hyderabad,11-Apr-2024,,clothing ,5.0
1549,Customer_548,43.0,Male,MUMBAI,04-13-2024,"$3,076.89",Groceries,
1550,Customer_549,52.0,,bengaluru,14-Apr-2024,2398.15,electronics,2.0
1551,Customer_550,59.0,Male,Chennai,16/04/2024,1588.58,Home Decor,3.0
1552,Customer_551,37.0,Male,Hyderabad,2024-04-17,2613.94,Home Decor,1.0
1553,Customer_552,60.0,F,Hyderabad,2024-04-19,1974.69,clothing ,3.0
1554,Customer_553,33.0,,bengaluru,04-21-2024,2024.42,electronics,1.0
1555,Customer_554,69.0,Male, Delhi,04-22-2024,"$3,045.66",Groceries,1.0
1556,Customer_555,,Female, Delhi,24/04/2024,1295.46,Home Decor,1.0
1557,Customer_556,55.0,female,Bengaluru,25-Apr-2024,3442.58,Clothing,2.0
1558,Customer_557,63.0,F,MUMBAI,04-27-2024,"$1,242.08",Clothing,4.0
1559,Customer_558,,male,Chennai ,28/04/2024,1903.57,Groceries,1.0
1560,Customer_559,61.0,Female,,2024-04-30,4230.65,Clothing,5.0
1561,Customer_560,44.0,female,Chennai ,05-01-2024,3514.62,clothing ,2.0
1562,Customer_561,18.0,female,Hyderabad,05-03-2024,2587.84,Clothing,1.0
1563,Customer_562,42.0,female,Kolkata,2024-05-04,1653.52,Clothing,2.0
1564,  Customer_563  ,25.0,Female,mumbai ,06/05/2024,2023.65,Home Decor,4.0
1565,Customer_564,64.0,Male,Hyderabad,07/05/2024,2565.95,clothing ,1.0
1566,Customer_565,28.0,,mumbai ,05-09-2024,2533.77,clothing ,1.0
1567,  Customer_566  ,28.0,F, Delhi,2024-05-10,"$2,418.22",Home Decor,5.0
1568,Customer_567,29.0,female,MUMBAI,12-May-2024,2472.25,Clothing,3.0
1569,Customer_568,50.0,Male,MUMBAI,13/05/2024,2307.06,Electronics,2.0
1570,Customer_569,46.0,Male,MUMBAI,15/05/2024,1202.22,home decor,4.0
1571,Customer_570,67.0,female,,2024-05-16,"$2,035.14",Electronics,5.0
1572,Customer_571,38.0,Male,hyderabad,18-May-2024,3323.16,Groceries,2.0
1573,Customer_572,31.0,,Mumbai,2024-05-19,1268.5,Clothing,
1574,Customer_573,18.0,male,Bengaluru,21-May-2024,2329.4,electronics,1.0
1575,Customer_574,16.0,Female,Hyderabad,22/05/2024,1762.22,Electronics,2.0
1576,Customer_575,36.0,F,,24-May-2024,2600.22,Books,3.0
1577,Customer_576,65.0,M,Pune,2024-05-26,2150.23,clothing ,1.0
1578,Customer_577,44.0,male,mumbai ,2024-05-27,3829.65,Clothing,5.0
1579,Customer_578,64.0,Female,Kolkata,29-May-2024,2955.92,Home Decor,5.0
1580,Customer_579,21.0,Female,Chennai ,30-May-2024,"$1,319.38",Electronics,2.0
1581,Customer_580,,M,MUMBAI,06-01-2024,"$3,104.11",Groceries,2.0
1582,Customer_581,61.0,Female,Bengaluru,2024-06-02,"$1,802.81",clothing ,1.0
1583,Customer_582,21.0,,Pune,04-Jun-2024,1980.7,Groceries,3.0
1584,Customer_583,18.0,Female,Bengaluru,05/06/2024,"$2,782.44",Electronics,1.0
1585,Customer_584,37.0,Male,MUMBAI,07-Jun-2024,"$2,057.43",Books,2.0
1586,Customer_585,65.0,male,Pune,08-Jun-2024,3303.57,electronics,3.0
1587,Customer_586,53.0,M,Kolkata,10-Jun-2024,1802.94,Home Decor,4.0
1588,Customer_587,21.0,Male,Kolkata,06-11-2024,"$1,942.95",Home Decor,3.0
1589,Customer_588,61.0,Male,,06-13-2024,1909.27,Clothing,2.0
1590,Customer_589,61.0,Female,Pune,06-14-2024,,electronics,4.0
1591,Customer_590,59.0,male,Bengaluru,2024-06-16,3489.27,Clothing,4.0
1592,Customer_591,64.0,,MUMBAI,17/06/2024,"$3,065.92",home decor,4.0
1593,Customer_592,28.0,Male,Chennai ,06-19-2024,4038.95,Books,3.0
1594,Customer_593,68.0,Male,MUMBAI,20-Jun-2024,4540.88,Books,5.0
1595,Customer_594,33.0,female,bengaluru,06-22-2024,1572.35,electronics,2.0
1596,Customer_595,59.0,F,Chennai ,06-23-2024,2563.38,Groceries,5.0
1597,Customer_596,47.0,Male,Kolkata,2024-06-25,1441.42,electronics,2.0
1598,Customer_597,58.0,Male,Delhi,26/06/2024,1800.15,Home Decor,2.0
1599,Customer_598,49.0,Male,Delhi,06-28-2024,1932.93,clothing ,3.0
1600,Customer_599,50.0,Female,Hyderabad,30-Jun-2024,1548.56,Home Decor,3.0
1447,Customer_446,32.0,male,Chennai,10-Nov-2023,2759.4,electronics,
1405,  Customer_404  ,42.0,male,Bengaluru,2023-09-07,3156.74,electronics,4.0
1510,Customer_509,28.0,,bengaluru,14/02/2024,2905.02,Clothing,1.0
1456,Customer_455,45.0,Male,Chennai ,11-23-2023,1815.83,Electronics,3.0
1202,Customer_201,65.0,F,Mumbai,02-Nov-2022,2839.25,Electronics,3.0
1024,Customer_23,66.0,Female,Pune,2022-02-04,2828.83,clothing ,1.0
1416,Customer_415,52.0,Male,Bengaluru,24/09/2023,,clothing ,
1549,Customer_548,43.0,Male,MUMBAI,04-13-2024,"$3,076.89",Groceries,
1067,Customer_66,64.0,female,mumbai ,11/04/2022,,Home Decor,3.0
1166,Customer_165,59.0,Female,Hyderabad,09-08-2022,-500.0,clothing ,5.0
1335,Customer_334,40.0,Male,Bengaluru,23/05/2023,3140.78,Books,3.0
1330,Customer_329,45.0,female, Delhi,05-16-2023,1535.47,Books,4.0
1001,Customer_0,20.0,female,Mumbai,01-01-2022,"$1,613.36",home decor,4.0
1532,Customer_531,24.0,Female,Pune,18/03/2024,2869.19,Clothing,2.0
1233,Customer_232,17.0,M,mumbai ,19-Dec-2022,3042.39,home decor,2.0
1201,Customer_200,35.0,female,Pune,11-01-2022,2158.28,clothing ,3.0
1148,Customer_147,28.0,Female,Pune,08-12-2022,,Groceries,4.0
1474,Customer_473,41.0,F,Bengaluru,21-Dec-2023,3376.44,Books,2.0
1452,Customer_451,65.0,male,Chennai,17-Nov-2023,2978.92,Clothing,5.0
1497,Customer_496,22.0,Male,MUMBAI,25-Jan-2024,"$4,648.26",Electronics,2.0
1014,Customer_13,57.0,male,bengaluru,01-20-2022,"$2,633.76",electronics,4.0
1511,Customer_510,69.0,Male,Delhi,15-Feb-2024,2295.32,home decor,2.0
1269,Customer_268,49.0,male, Delhi,2023-02-12,1718.63,Groceries,5.0
1359,Customer_358,20.0,Female,hyderabad,29-Jun-2023,2289.29,Electronics,3.0
1290,Customer_289,41.0,Male,Mumbai,16/03/2023,2144.28,Electronics,4.0
